inputs, outputs, expected, error
1, 7.63552, 2, 0.0469809
1.4, 7.84603, 2.96, 0.0353155
1.8, 8.04248, 4.24, 0.0213888
2.2, 8.22378, 5.84, 0.00840591
2.6, 8.3894, 7.76, 0.000586018
3, 8.53933, 10, 0.00315615
3.4, 8.67394, 12.56, 0.0223394
3.8, 8.79394, 15.44, 0.0653404
4.2, 8.90023, 18.64, 0.14033
4.6, 8.99387, 22.16, 0.25643

weights:
layer :0
	node: 0
		id: 0
			0.44012
		id: 1
			0.195487
		id: 2
			0.705058
		id: 3
			0.753966
		id: 4
			0.417109
	node: 1
		id: 0
			0.866524
		id: 1
			0.453734
		id: 2
			0.610788
		id: 3
			0.860973
		id: 4
			0.284457
layer :1
	node: 0
		id: 0
			0.669882
	node: 1
		id: 0
			0.700209
	node: 2
		id: 0
			0.751137
	node: 3
		id: 0
			0.736785
	node: 4
		id: 0
			0.517847
layer :2
	node: 0
		id: 0
			0.950825
