inputs, outputs, expected, error
1, 0.967206, 0, 0.935488
1.1, 0.968453, 0, 0.937901
1.2, 0.969622, 0, 0.940166
1.3, 0.970718, 0, 0.942294
1.4, 0.971749, 0, 0.944296
1.5, 0.972718, 0, 0.946181
1.6, 0.973631, 1, 0.000695337
1.7, 0.974491, 1, 0.000650711
1.8, 0.975303, 1, 0.000609959
1.9, 0.976069, 1, 0.000572678
