inputs, outputs, expected, error
1, 25.6093, 2, 0.824554
1.4, 25.6398, 2.96, 0.760906
1.8, 25.6658, 4.24, 0.679089
2.2, 25.6881, 5.84, 0.582759
2.6, 25.7072, 7.76, 0.476483
3, 25.7238, 10, 0.365735
3.4, 25.7381, 12.56, 0.256897
3.8, 25.7506, 15.44, 0.15726
4.2, 25.7615, 18.64, 0.0750224
4.6, 25.771, 22.16, 0.0192888
