inputs, outputs, expected, error
1, -0.298363, 0, 0.0890203
1.1, -0.129174, 0, 0.0166858
1.2, 0.0501079, 0, 0.0025108
1.3, 0.227236, 0, 0.0516364
1.4, 0.390439, 0, 0.152443
1.5, 0.531453, 0, 0.282443
1.6, 0.646804, 1, 0.124748
1.7, 0.737158, 1, 0.0690857
1.8, 0.805713, 1, 0.0377473
1.9, 0.856617, 1, 0.0205588

weights:
layer :0
	node: 0
		id: 0
			1.35959
		id: 1
			0.351764
		id: 2
			0.777626
		id: 3
			0.495364
		id: 4
			1.21362
	node: 1
		id: 0
			-0.797777
		id: 1
			0.504881
		id: 2
			-0.828273
		id: 3
			-1.03303
		id: 4
			0.480332
layer :1
	node: 0
		id: 0
			1.74041
	node: 1
		id: 0
			0.724951
	node: 2
		id: 0
			1.13788
	node: 3
		id: 0
			1.03992
	node: 4
		id: 0
			0.6196
layer :2
	node: 0
