inputs, outputs, expected, error
1, 7.57026, 2, 0.0458991
1.4, 7.79038, 2.96, 0.0345156
1.8, 7.99471, 4.24, 0.0208547
2.2, 8.18233, 5.84, 0.00811612
2.6, 8.35292, 7.76, 0.000520059
3, 8.50669, 10, 0.00329879
3.4, 8.64421, 12.56, 0.0226826
3.8, 8.76636, 15.44, 0.0658838
4.2, 8.87422, 18.64, 0.14108
4.6, 8.96898, 22.16, 0.257401
